sequence	16S_rRNA_Count	metadata_NSTI
Cluster_1	1	0.718821
Cluster_10	1	0.007553
Cluster_100	1	0.23163499999999998
